{
  "tags": [
    {
      "ID": 18,
      "pose": {
        "translation": {
          "x": 3.276608,
          "y": -2.294305,
          "z": 1.4859
        },
        "rotation": {
          "quaternion": {
            "W": 0.88701081,
            "X": 0.0,
            "Y": -0.4617486,
            "Z": 0.0
          }
        }
      }
    },
    {
      "ID": 20,
      "pose": {
        "translation": {
          "x": -3.276608,
          "y": -2.294305,
          "z": 1.4859
        },
        "rotation": {
          "quaternion": {
            "W": 0.88701081,
            "X": 0.0,
            "Y": 0.4617486,
            "Z": 0.0
          }
        }
      }
    }
  ]
}